countryCode,countryFlag,countryAlpha2,countryName
"+1",ğŸ‡¨ğŸ‡¦,CA,Canada
"+1",ğŸ‡ºğŸ‡¸,US,United States
"+1242",ğŸ‡§ğŸ‡¸,BS,Bahamas
"+1246",ğŸ‡§ğŸ‡§,BB,Barbados
"+1264",ğŸ‡¦ğŸ‡®,AI,Anguilla
"+1268",ğŸ‡¦ğŸ‡¬,AG,Antigua and Barbuda
"+1284",ğŸ‡»ğŸ‡¬,VG,Virgin Islands, British
"+1340",ğŸ‡»ğŸ‡®,VI,Virgin Islands, U.S.
"+1441",ğŸ‡§ğŸ‡²,BM,Bermuda
"+1473",ğŸ‡¬ğŸ‡©,GD,Grenada
"+1649",ğŸ‡¹ğŸ‡¨,TC,Turks and Caicos Islands
"+1664",ğŸ‡²ğŸ‡¸,MS,Montserrat
"+1670",ğŸ‡²ğŸ‡µ,MP,Northern Mariana Islands
"+1671",ğŸ‡¬ğŸ‡º,GU,Guam
"+1684",ğŸ‡¦ğŸ‡¸,AS,American Samoa
"+1758",ğŸ‡±ğŸ‡¨,LC,Saint Lucia
"+1767",ğŸ‡©ğŸ‡²,DM,Dominica
"+1784",ğŸ‡»ğŸ‡¨,VC,Saint Vincent and the Grenadines
"+1849",ğŸ‡©ğŸ‡´,DO,Dominican Republic
"+1868",ğŸ‡¹ğŸ‡¹,TT,Trinidad and Tobago
"+1869",ğŸ‡°ğŸ‡³,KN,Saint Kitts and Nevis
"+1876",ğŸ‡¯ğŸ‡²,JM,Jamaica
"+1939",ğŸ‡µğŸ‡·,PR,Puerto Rico
"+20",ğŸ‡ªğŸ‡¬,EG,Egypt
"+211",ğŸ‡¸ğŸ‡¸,SS,South Sudan
"+212",ğŸ‡²ğŸ‡¦,MA,Morocco
"+213",ğŸ‡©ğŸ‡¿,DZ,Algeria
"+216",ğŸ‡¹ğŸ‡³,TN,Tunisia
"+218",ğŸ‡±ğŸ‡¾,LY,Libyan Arab Jamahiriya
"+220",ğŸ‡¬ğŸ‡²,GM,Gambia
"+221",ğŸ‡¸ğŸ‡³,SN,Senegal
"+222",ğŸ‡²ğŸ‡·,MR,Mauritania
"+223",ğŸ‡²ğŸ‡±,ML,Mali
"+224",ğŸ‡¬ğŸ‡³,GN,Guinea
"+225",ğŸ‡¨ğŸ‡®,CI,Cote d'Ivoire
"+226",ğŸ‡§ğŸ‡«,BF,Burkina Faso
"+227",ğŸ‡³ğŸ‡ª,NE,Niger
"+228",ğŸ‡¹ğŸ‡¬,TG,Togo
"+229",ğŸ‡§ğŸ‡¯,BJ,Benin
"+230",ğŸ‡²ğŸ‡º,MU,Mauritius
"+231",ğŸ‡±ğŸ‡·,LR,Liberia
"+232",ğŸ‡¸ğŸ‡±,SL,Sierra Leone
"+233",ğŸ‡¬ğŸ‡­,GH,Ghana
"+234",ğŸ‡³ğŸ‡¬,NG,Nigeria
"+235",ğŸ‡¹ğŸ‡©,TD,Chad
"+236",ğŸ‡¨ğŸ‡«,CF,Central African Republic
"+237",ğŸ‡¨ğŸ‡²,CM,Cameroon
"+238",ğŸ‡¨ğŸ‡»,CV,Cape Verde
"+239",ğŸ‡¸ğŸ‡¹,ST,Sao Tome and Principe
"+240",ğŸ‡¬ğŸ‡¶,GQ,Equatorial Guinea
"+241",ğŸ‡¬ğŸ‡¦,GA,Gabon
"+242",ğŸ‡¨ğŸ‡¬,CG,Congo
"+243",ğŸ‡¨ğŸ‡©,CD,Congo, The Democratic Republic of the Congo
"+244",ğŸ‡¦ğŸ‡´,AO,Angola
"+245",ğŸ‡¬ğŸ‡¼,GW,Guinea-Bissau
"+246",ğŸ‡®ğŸ‡´,IO,British Indian Ocean Territory
"+248",ğŸ‡¸ğŸ‡¨,SC,Seychelles
"+249",ğŸ‡¸ğŸ‡©,SD,Sudan
"+250",ğŸ‡·ğŸ‡¼,RW,Rwanda
"+251",ğŸ‡ªğŸ‡¹,ET,Ethiopia
"+252",ğŸ‡¸ğŸ‡´,SO,Somalia
"+253",ğŸ‡©ğŸ‡¯,DJ,Djibouti
"+254",ğŸ‡°ğŸ‡ª,KE,Kenya
"+255",ğŸ‡¹ğŸ‡¿,TZ,Tanzania, United Republic of Tanzania
"+256",ğŸ‡ºğŸ‡¬,UG,Uganda
"+257",ğŸ‡§ğŸ‡®,BI,Burundi
"+258",ğŸ‡²ğŸ‡¿,MZ,Mozambique
"+260",ğŸ‡¿ğŸ‡²,ZM,Zambia
"+261",ğŸ‡²ğŸ‡¬,MG,Madagascar
"+262",ğŸ‡¹ğŸ‡«,TF,French Southern Territories
"+262",ğŸ‡¾ğŸ‡¹,YT,Mayotte
"+262",ğŸ‡·ğŸ‡ª,RE,Reunion
"+263",ğŸ‡¿ğŸ‡¼,ZW,Zimbabwe
"+264",ğŸ‡³ğŸ‡¦,NA,Namibia
"+265",ğŸ‡²ğŸ‡¼,MW,Malawi
"+266",ğŸ‡±ğŸ‡¸,LS,Lesotho
"+267",ğŸ‡§ğŸ‡¼,BW,Botswana
"+268",ğŸ‡¸ğŸ‡¿,SZ,Swaziland
"+269",ğŸ‡°ğŸ‡²,KM,Comoros
"+27",ğŸ‡¿ğŸ‡¦,ZA,South Africa
"+290",ğŸ‡¸ğŸ‡­,SH,Saint Helena, Ascension and Tristan Da Cunha
"+291",ğŸ‡ªğŸ‡·,ER,Eritrea
"+297",ğŸ‡¦ğŸ‡¼,AW,Aruba
"+298",ğŸ‡«ğŸ‡´,FO,Faroe Islands
"+299",ğŸ‡¬ğŸ‡±,GL,Greenland
"+30",ğŸ‡¬ğŸ‡·,GR,Greece
"+31",ğŸ‡³ğŸ‡±,NL,Netherlands
"+32",ğŸ‡§ğŸ‡ª,BE,Belgium
"+33",ğŸ‡«ğŸ‡·,FR,France
"+34",ğŸ‡ªğŸ‡¸,ES,Spain
"+345",ğŸ‡°ğŸ‡¾,KY,Cayman Islands
"+350",ğŸ‡¬ğŸ‡®,GI,Gibraltar
"+351",ğŸ‡µğŸ‡¹,PT,Portugal
"+352",ğŸ‡±ğŸ‡º,LU,Luxembourg
"+353",ğŸ‡®ğŸ‡ª,IE,Ireland
"+354",ğŸ‡®ğŸ‡¸,IS,Iceland
"+355",ğŸ‡¦ğŸ‡±,AL,Albania
"+356",ğŸ‡²ğŸ‡¹,MT,Malta
"+357",ğŸ‡¨ğŸ‡¾,CY,Cyprus
"+358",ğŸ‡¦ğŸ‡½,AX,Ã…land Islands
"+358",ğŸ‡«ğŸ‡®,FI,Finland
"+359",ğŸ‡§ğŸ‡¬,BG,Bulgaria
"+36",ğŸ‡­ğŸ‡º,HU,Hungary
"+370",ğŸ‡±ğŸ‡¹,LT,Lithuania
"+371",ğŸ‡±ğŸ‡»,LV,Latvia
"+372",ğŸ‡ªğŸ‡ª,EE,Estonia
"+373",ğŸ‡²ğŸ‡©,MD,Moldova
"+374",ğŸ‡¦ğŸ‡²,AM,Armenia
"+375",ğŸ‡§ğŸ‡¾,BY,Belarus
"+376",ğŸ‡¦ğŸ‡©,AD,Andorra
"+377",ğŸ‡²ğŸ‡¨,MC,Monaco
"+378",ğŸ‡¸ğŸ‡²,SM,San Marino
"+379",ğŸ‡»ğŸ‡¦,VA,Holy See (Vatican City State)
"+380",ğŸ‡ºğŸ‡¦,UA,Ukraine
"+381",ğŸ‡·ğŸ‡¸,RS,Serbia
"+382",ğŸ‡²ğŸ‡ª,ME,Montenegro
"+383",ğŸ‡½ğŸ‡°,XK,Kosovo
"+385",ğŸ‡­ğŸ‡·,HR,Croatia
"+386",ğŸ‡¸ğŸ‡®,SI,Slovenia
"+387",ğŸ‡§ğŸ‡¦,BA,Bosnia and Herzegovina
"+389",ğŸ‡²ğŸ‡°,MK,North Macedonia
"+39",ğŸ‡®ğŸ‡¹,IT,Italy
"+40",ğŸ‡·ğŸ‡´,RO,Romania
"+41",ğŸ‡¨ğŸ‡­,CH,Switzerland
"+420",ğŸ‡¨ğŸ‡¿,CZ,Czech Republic
"+421",ğŸ‡¸ğŸ‡°,SK,Slovakia
"+423",ğŸ‡±ğŸ‡®,LI,Liechtenstein
"+43",ğŸ‡¦ğŸ‡¹,AT,Austria
"+44",ğŸ‡¬ğŸ‡¬,GG,Guernsey
"+44",ğŸ‡®ğŸ‡²,IM,Isle of Man
"+44",ğŸ‡¯ğŸ‡ª,JE,Jersey
"+44",ğŸ‡¬ğŸ‡§,GB,United Kingdom
"+45",ğŸ‡©ğŸ‡°,DK,Denmark
"+46",ğŸ‡¸ğŸ‡ª,SE,Sweden
"+47",ğŸ‡§ğŸ‡»,BV,Bouvet Island
"+47",ğŸ‡³ğŸ‡´,NO,Norway
"+47",ğŸ‡¸ğŸ‡¯,SJ,Svalbard and Jan Mayen
"+48",ğŸ‡µğŸ‡±,PL,Poland
"+49",ğŸ‡©ğŸ‡ª,DE,Germany
"+500",ğŸ‡«ğŸ‡°,FK,Falkland Islands (Malvinas)
"+500",ğŸ‡¬ğŸ‡¸,GS,South Georgia and the South Sandwich Islands
"+501",ğŸ‡§ğŸ‡¿,BZ,Belize
"+502",ğŸ‡¬ğŸ‡¹,GT,Guatemala
"+503",ğŸ‡¸ğŸ‡»,SV,El Salvador
"+504",ğŸ‡­ğŸ‡³,HN,Honduras
"+505",ğŸ‡³ğŸ‡®,NI,Nicaragua
"+506",ğŸ‡¨ğŸ‡·,CR,Costa Rica
"+507",ğŸ‡µğŸ‡¦,PA,Panama
"+508",ğŸ‡µğŸ‡²,PM,Saint Pierre and Miquelon
"+509",ğŸ‡­ğŸ‡¹,HT,Haiti
"+51",ğŸ‡µğŸ‡ª,PE,Peru
"+52",ğŸ‡²ğŸ‡½,MX,Mexico
"+53",ğŸ‡¨ğŸ‡º,CU,Cuba
"+54",ğŸ‡¦ğŸ‡·,AR,Argentina
"+55",ğŸ‡§ğŸ‡·,BR,Brazil
"+56",ğŸ‡¨ğŸ‡±,CL,Chile
"+57",ğŸ‡¨ğŸ‡´,CO,Colombia
"+58",ğŸ‡»ğŸ‡ª,VE,Venezuela, Bolivarian Republic of Venezuela
"+590",ğŸ‡¬ğŸ‡µ,GP,Guadeloupe
"+590",ğŸ‡§ğŸ‡±,BL,Saint Barthelemy
"+590",ğŸ‡²ğŸ‡«,MF,Saint Martin
"+591",ğŸ‡§ğŸ‡´,BO,Bolivia, Plurinational State of bolivia
"+592",ğŸ‡¬ğŸ‡¾,GY,Guyana
"+593",ğŸ‡ªğŸ‡¨,EC,Ecuador
"+594",ğŸ‡¬ğŸ‡«,GF,French Guiana
"+595",ğŸ‡µğŸ‡¾,PY,Paraguay
"+596",ğŸ‡²ğŸ‡¶,MQ,Martinique
"+597",ğŸ‡¸ğŸ‡·,SR,Suriname
"+598",ğŸ‡ºğŸ‡¾,UY,Uruguay
"+599",	AN,Netherlands Antilles
"+60",ğŸ‡²ğŸ‡¾,MY,Malaysia
"+61",ğŸ‡¦ğŸ‡º,AU,Australia
"+61",ğŸ‡¨ğŸ‡½,CX,Christmas Island
"+61",ğŸ‡¨ğŸ‡¨,CC,Cocos (Keeling) Islands
"+62",ğŸ‡®ğŸ‡©,ID,Indonesia
"+63",ğŸ‡µğŸ‡­,PH,Philippines
"+64",ğŸ‡³ğŸ‡¿,NZ,New Zealand
"+64",ğŸ‡µğŸ‡³,PN,Pitcairn
"+65",ğŸ‡¸ğŸ‡¬,SG,Singapore
"+66",ğŸ‡¹ğŸ‡­,TH,Thailand
"+670",ğŸ‡¹ğŸ‡±,TL,Timor-Leste
"+672",ğŸ‡¦ğŸ‡¶,AQ,Antarctica
"+672",ğŸ‡­ğŸ‡²,HM,Heard Island and Mcdonald Islands
"+672",ğŸ‡³ğŸ‡«,NF,Norfolk Island
"+673",ğŸ‡§ğŸ‡³,BN,Brunei Darussalam
"+674",ğŸ‡³ğŸ‡·,NR,Nauru
"+675",ğŸ‡µğŸ‡¬,PG,Papua New Guinea
"+676",ğŸ‡¹ğŸ‡´,TO,Tonga
"+677",ğŸ‡¸ğŸ‡§,SB,Solomon Islands
"+678",ğŸ‡»ğŸ‡º,VU,Vanuatu
"+679",ğŸ‡«ğŸ‡¯,FJ,Fiji
"+680",ğŸ‡µğŸ‡¼,PW,Palau
"+681",ğŸ‡¼ğŸ‡«,WF,Wallis and Futuna
"+682",ğŸ‡¨ğŸ‡°,CK,Cook Islands
"+683",ğŸ‡³ğŸ‡º,NU,Niue
"+685",ğŸ‡¼ğŸ‡¸,WS,Samoa
"+686",ğŸ‡°ğŸ‡®,KI,Kiribati
"+687",ğŸ‡³ğŸ‡¨,NC,New Caledonia
"+688",ğŸ‡¹ğŸ‡»,TV,Tuvalu
"+689",ğŸ‡µğŸ‡«,PF,French Polynesia
"+690",ğŸ‡¹ğŸ‡°,TK,Tokelau
"+691",ğŸ‡«ğŸ‡²,FM,Micronesia, Federated States of Micronesia
"+692",ğŸ‡²ğŸ‡­,MH,Marshall Islands
"+7",ğŸ‡°ğŸ‡¿,KZ,Kazakhstan
"+7",ğŸ‡·ğŸ‡º,RU,Russia
"+81",ğŸ‡¯ğŸ‡µ,JP,Japan
"+82",ğŸ‡°ğŸ‡·,KR,Korea, Republic of South Korea
"+84",ğŸ‡»ğŸ‡³,VN,Vietnam
"+850",ğŸ‡°ğŸ‡µ,KP,Korea, Democratic People's Republic of Korea
"+852",ğŸ‡­ğŸ‡°,HK,Hong Kong
"+853",ğŸ‡²ğŸ‡´,MO,Macao
"+855",ğŸ‡°ğŸ‡­,KH,Cambodia
"+856",ğŸ‡±ğŸ‡¦,LA,Laos
"+86",ğŸ‡¨ğŸ‡³,CN,China
"+880",ğŸ‡§ğŸ‡©,BD,Bangladesh
"+886",ğŸ‡¹ğŸ‡¼,TW,Taiwan
"+90",ğŸ‡¹ğŸ‡·,TR,TÃ¼rkiye
"+91",ğŸ‡®ğŸ‡³,IN,India
"+92",ğŸ‡µğŸ‡°,PK,Pakistan
"+93",ğŸ‡¦ğŸ‡«,AF,Afghanistan
"+94",ğŸ‡±ğŸ‡°,LK,Sri Lanka
"+95",ğŸ‡²ğŸ‡²,MM,Myanmar
"+960",ğŸ‡²ğŸ‡»,MV,Maldives
"+961",ğŸ‡±ğŸ‡§,LB,Lebanon
"+962",ğŸ‡¯ğŸ‡´,JO,Jordan
"+963",ğŸ‡¸ğŸ‡¾,SY,Syrian Arab Republic
"+964",ğŸ‡®ğŸ‡¶,IQ,Iraq
"+965",ğŸ‡°ğŸ‡¼,KW,Kuwait
"+966",ğŸ‡¸ğŸ‡¦,SA,Saudi Arabia
"+967",ğŸ‡¾ğŸ‡ª,YE,Yemen
"+968",ğŸ‡´ğŸ‡²,OM,Oman
"+970",ğŸ‡µğŸ‡¸,PS,Palestinian Territory, Occupied
"+971",ğŸ‡¦ğŸ‡ª,AE,United Arab Emirates
"+972",ğŸ‡®ğŸ‡±,IL,Israel
"+973",ğŸ‡§ğŸ‡­,BH,Bahrain
"+974",ğŸ‡¶ğŸ‡¦,QA,Qatar
"+975",ğŸ‡§ğŸ‡¹,BT,Bhutan
"+976",ğŸ‡²ğŸ‡³,MN,Mongolia
"+977",ğŸ‡³ğŸ‡µ,NP,Nepal
"+98",ğŸ‡®ğŸ‡·,IR,Iran, Islamic Republic of Persian Gulf
"+992",ğŸ‡¹ğŸ‡¯,TJ,Tajikistan
"+993",ğŸ‡¹ğŸ‡²,TM,Turkmenistan
"+994",ğŸ‡¦ğŸ‡¿,AZ,Azerbaijan
"+995",ğŸ‡¬ğŸ‡ª,GE,Georgia
"+996",ğŸ‡°ğŸ‡¬,KG,Kyrgyzstan
"+998",ğŸ‡ºğŸ‡¿,UZ,Uzbekistan